ageTime|s,
0.2,0.1490346
0.5,0.14958236
1,0.150479
2,0.15225857
5,0.1574904
10,0.16589051
30,0.19629492
60,0.23449492
